id,target,edit,species,composite_score,pbs_tm,pbs_rt_dG,nick_edit_dist,ir_score,published_rank_percentile,measured_efficiency,pe_system,efficiency_source
OsALS-T1-peg01,OsALS-T1,+1 G to T,Oryza sativa,65,31.3,-0.9,0,90,100,0.34,PPE3,"Lin 2020 Fig 1e/1f, digitised (5 anchors text-confirmed, MAE 0.016 pp)"
OsALS-T2-peg01,OsALS-T2,+3 G to T,Oryza sativa,65,12,-3.7,2,94,100,1.3,PPE3,"Lin 2020 Fig 1e/1f, digitised (5 anchors text-confirmed, MAE 0.016 pp)"
OsALS-T2-peg02,OsALS-T2,+2 A to G,Oryza sativa,65,12,-3.7,1,94,100,2.8,PPE3,"Lin 2020 Fig 1e/1f, digitised (5 anchors text-confirmed, MAE 0.016 pp)"
OsALS-T2-pegPBS6,OsALS-T2,+2 A to G,Oryza sativa,65,19.6,-3.7,1,94,100,2.8,PPE3,"Lin 2020 Fig 1e/1f, digitised (5 anchors text-confirmed, MAE 0.016 pp)"
OsALS-T2-pegPBS8,OsALS-T2,+2 A to G,Oryza sativa,65,0.2,-3.7,1,94,100,2.8,PPE3,"Lin 2020 Fig 1e/1f, digitised (5 anchors text-confirmed, MAE 0.016 pp)"
OsALS-T2-pegPBS12,OsALS-T2,+2 A to G,Oryza sativa,65,27.4,-3.7,1,94,100,2.8,PPE3,"Lin 2020 Fig 1e/1f, digitised (5 anchors text-confirmed, MAE 0.016 pp)"
OsALS-T2-pegPBS14,OsALS-T2,+2 A to G,Oryza sativa,65,19.6,-3.7,1,94,100,2.8,PPE3,"Lin 2020 Fig 1e/1f, digitised (5 anchors text-confirmed, MAE 0.016 pp)"
OsALS-T2-pegRT10,OsALS-T2,+2 A to G,Oryza sativa,65,12,-3.7,1,94,100,2.8,PPE3,"Lin 2020 Fig 1e/1f, digitised (5 anchors text-confirmed, MAE 0.016 pp)"
OsALS-T2-pegRT11,OsALS-T2,+2 A to G,Oryza sativa,65,12,-3.7,1,94,100,2.8,PPE3,"Lin 2020 Fig 1e/1f, digitised (5 anchors text-confirmed, MAE 0.016 pp)"
OsALS-T2-pegRT13,OsALS-T2,+2 A to G,Oryza sativa,65,12,-3.7,1,94,100,2.8,PPE3,"Lin 2020 Fig 1e/1f, digitised (5 anchors text-confirmed, MAE 0.016 pp)"
OsALS-T2-pegRT15,OsALS-T2,+2 A to G,Oryza sativa,65,12,-3.7,1,94,100,2.8,PPE3,"Lin 2020 Fig 1e/1f, digitised (5 anchors text-confirmed, MAE 0.016 pp)"
OsALS-T2-pegRT18,OsALS-T2,+2 A to G,Oryza sativa,65,12,-3.7,1,94,100,2.8,PPE3,"Lin 2020 Fig 1e/1f, digitised (5 anchors text-confirmed, MAE 0.016 pp)"
OsALS-T2-pegRT19,OsALS-T2,+2 A to G,Oryza sativa,65,12,-3.7,1,94,100,2.8,PPE3,"Lin 2020 Fig 1e/1f, digitised (5 anchors text-confirmed, MAE 0.016 pp)"
OsALS-T2-pegRT21,OsALS-T2,+2 A to G,Oryza sativa,65,12,-3.7,1,94,100,2.8,PPE3,"Lin 2020 Fig 1e/1f, digitised (5 anchors text-confirmed, MAE 0.016 pp)"
OsCDC48-T1-peg01,OsCDC48-T1,+1-6 CTCCGG del,Oryza sativa,49,15.9,-2.5,0,91,66.7,6.6,PPE3,"Lin 2020 Fig 1e/1f, digitised (5 anchors text-confirmed, MAE 0.016 pp)"
OsCDC48-T1-pegPBS8,OsCDC48-T1,+1-6 CTCCGG del,Oryza sativa,49,-9.9,-2.5,0,91,66.7,6.6,PPE3,"Lin 2020 Fig 1e/1f, digitised (5 anchors text-confirmed, MAE 0.016 pp)"
OsCDC48-T1-pegPBS10,OsCDC48-T1,+1-6 CTCCGG del,Oryza sativa,49,5.4,-2.5,0,91,66.7,6.6,PPE3,"Lin 2020 Fig 1e/1f, digitised (5 anchors text-confirmed, MAE 0.016 pp)"
OsCDC48-T1-pegPBS14,OsCDC48-T1,+1-6 CTCCGG del,Oryza sativa,49,10.4,-2.5,0,91,66.7,6.6,PPE3,"Lin 2020 Fig 1e/1f, digitised (5 anchors text-confirmed, MAE 0.016 pp)"
OsCDC48-T1-pegPBS16,OsCDC48-T1,+1-6 CTCCGG del,Oryza sativa,49,10.4,-2.5,0,91,66.7,6.6,PPE3,"Lin 2020 Fig 1e/1f, digitised (5 anchors text-confirmed, MAE 0.016 pp)"
OsCDC48-T1-pegRT7,OsCDC48-T1,+1-6 CTCCGG del,Oryza sativa,49,15.9,-2.5,0,91,66.7,6.6,PPE3,"Lin 2020 Fig 1e/1f, digitised (5 anchors text-confirmed, MAE 0.016 pp)"
OsCDC48-T1-pegRT11,OsCDC48-T1,+1-6 CTCCGG del,Oryza sativa,49,15.9,-2.5,0,91,66.7,6.6,PPE3,"Lin 2020 Fig 1e/1f, digitised (5 anchors text-confirmed, MAE 0.016 pp)"
OsCDC48-T1-pegRT13,OsCDC48-T1,+1-6 CTCCGG del,Oryza sativa,49,15.9,-2.5,0,91,66.7,6.6,PPE3,"Lin 2020 Fig 1e/1f, digitised (5 anchors text-confirmed, MAE 0.016 pp)"
OsCDC48-T1-pegRT15,OsCDC48-T1,+1-6 CTCCGG del,Oryza sativa,49,15.9,-2.5,0,91,66.7,6.6,PPE3,"Lin 2020 Fig 1e/1f, digitised (5 anchors text-confirmed, MAE 0.016 pp)"
OsCDC48-T2-peg01,OsCDC48-T2,+2 AAA ins,Oryza sativa,47,37.7,-4.4,1,85,76.9,1.9,PPE3b,"Lin 2020 Fig 1e/1f, digitised (5 anchors text-confirmed, MAE 0.016 pp)"
OsCDC48-T2-peg02,OsCDC48-T2,+5 G to A,Oryza sativa,62,37.7,-7.2,4,85,92.3,2.9,PPE3b,"Lin 2020 Fig 1e/1f, digitised (5 anchors text-confirmed, MAE 0.016 pp)"
OsCDC48-T2-pegPBS8,OsCDC48-T2,+2 AAA ins,Oryza sativa,47,13.3,-4.4,1,85,76.9,1.9,PPE3b,"Lin 2020 Fig 1e/1f, digitised (5 anchors text-confirmed, MAE 0.016 pp)"
OsCDC48-T2-pegPBS10,OsCDC48-T2,+2 AAA ins,Oryza sativa,47,25,-4.4,1,85,76.9,1.9,PPE3b,"Lin 2020 Fig 1e/1f, digitised (5 anchors text-confirmed, MAE 0.016 pp)"
OsCDC48-T2-pegPBS14,OsCDC48-T2,+2 AAA ins,Oryza sativa,47,19.2,-4.4,1,85,76.9,1.9,PPE3b,"Lin 2020 Fig 1e/1f, digitised (5 anchors text-confirmed, MAE 0.016 pp)"
OsCDC48-T2-pegPBS16,OsCDC48-T2,+2 AAA ins,Oryza sativa,47,19.2,-4.4,1,85,76.9,1.9,PPE3b,"Lin 2020 Fig 1e/1f, digitised (5 anchors text-confirmed, MAE 0.016 pp)"
OsCDC48-T2-pegRT10,OsCDC48-T2,+2 AAA ins,Oryza sativa,47,37.7,-4.4,1,85,76.9,1.9,PPE3b,"Lin 2020 Fig 1e/1f, digitised (5 anchors text-confirmed, MAE 0.016 pp)"
OsCDC48-T2-pegRT11,OsCDC48-T2,+2 AAA ins,Oryza sativa,47,37.7,-4.4,1,85,76.9,1.9,PPE3b,"Lin 2020 Fig 1e/1f, digitised (5 anchors text-confirmed, MAE 0.016 pp)"
OsCDC48-T2-pegRT15,OsCDC48-T2,+2 AAA ins,Oryza sativa,47,37.7,-4.4,1,85,76.9,1.9,PPE3b,"Lin 2020 Fig 1e/1f, digitised (5 anchors text-confirmed, MAE 0.016 pp)"
OsCDC48-T2-pegRT16,OsCDC48-T2,+2 AAA ins,Oryza sativa,47,37.7,-5.7,1,85,76.9,1.9,PPE3b,"Lin 2020 Fig 1e/1f, digitised (5 anchors text-confirmed, MAE 0.016 pp)"
OsCDC48-T2-pegRT17,OsCDC48-T2,+2 AAA ins,Oryza sativa,47,37.7,-4.4,1,85,76.9,1.9,PPE3b,"Lin 2020 Fig 1e/1f, digitised (5 anchors text-confirmed, MAE 0.016 pp)"
OsCDC48-T2-pegRT19,OsCDC48-T2,+2 AAA ins,Oryza sativa,47,37.7,-7.2,1,85,76.9,1.9,PPE3b,"Lin 2020 Fig 1e/1f, digitised (5 anchors text-confirmed, MAE 0.016 pp)"
OsDEP1-peg01,OsDEP1,+2 C to T,Oryza sativa,50,13,-3.4,1,94,100,0.16,PPE3,"Lin 2020 Fig 1e/1f, digitised (5 anchors text-confirmed, MAE 0.016 pp)"
OsDEP1-peg02,OsDEP1,+3 A to G,Oryza sativa,50,13,-3.4,2,94,100,0.28,PPE3,"Lin 2020 Fig 1e/1f, digitised (5 anchors text-confirmed, MAE 0.016 pp)"
OsEPSPS-T1-peg01,OsEPSPS-T1,+2 T to A,Oryza sativa,42,17.8,-3.5,1,87,66.7,2.25,PPE3,"Lin 2020 Fig 1e/1f, digitised (5 anchors text-confirmed, MAE 0.016 pp)"
OsGAPDH-peg01,OsGAPDH,+3 C to A,Oryza sativa,60,30.7,-2.8,2,94,75,1.6,PPE3,"Lin 2020 Fig 1e/1f, digitised (5 anchors text-confirmed, MAE 0.016 pp)"
TaGW2-peg01,TaGW2,+1 G to C,Triticum aestivum,65,19.5,-4,0,92,90,0.35,PPE3,"Lin 2020 Fig 1e/1f, digitised (5 anchors text-confirmed, MAE 0.016 pp)"
TaUbi10-T1-peg01,TaUbi10-T1,+4 A to T,Triticum aestivum,69,14.5,-3.4,3,91,100,0.19,PPE3,"Lin 2020 Fig 1e/1f, digitised (5 anchors text-confirmed, MAE 0.016 pp)"
TaUbi10-T2-peg01,TaUbi10-T2,+1 C to G,Triticum aestivum,47,32.6,-4.6,0,89,91.7,0.85,PPE3,"Lin 2020 Fig 1e/1f, digitised (5 anchors text-confirmed, MAE 0.016 pp)"
TaMLO-peg01,TaMLO,+1 T to G,Triticum aestivum,60,13.3,-5,0,94,90,0.41,PPE3,"Lin 2020 Fig 1e/1f, digitised (5 anchors text-confirmed, MAE 0.016 pp)"
TaGASR7-peg01,TaGASR7,+6 G to C,Triticum aestivum,67,36,-5.6,5,91,33.3,0.67,PPE3b,"Lin 2020 Fig 1e/1f, digitised (5 anchors text-confirmed, MAE 0.016 pp)"
