target_id,gene,pbs_length,efficiency,efficiency_sd,n_reps,pbs_seq,pbs_gc,wallace_tm,nn_tm,wallace_tm_printed,wallace_check,strand,nick_pos,spacer_score,source,status,norm_eff
OsACC-T1,OsACC,7,0.87,,3,TTGTCCA,43,20,-8.5,20,match,,,,Lin 2021 Fig 1a/1b digitised + Supplementary Table 1,OK,0.47540983606557374
OsACC-T1,OsACC,8,1.75,,3,TTGTCCAG,50,24,2.4,24,match,,,,Lin 2021 Fig 1a/1b digitised + Supplementary Table 1,OK,0.9562841530054644
OsACC-T1,OsACC,9,1.83,,3,TTGTCCAGC,56,28,14.6,28,match,,,,Lin 2021 Fig 1a/1b digitised + Supplementary Table 1,OK,1.0
OsACC-T1,OsACC,10,1.6,,3,TTGTCCAGCA,50,30,20.9,30,match,,,,Lin 2021 Fig 1a/1b digitised + Supplementary Table 1,OK,0.8743169398907104
OsACC-T1,OsACC,11,1.2,,3,TTGTCCAGCAC,55,34,26.2,34,match,,,,Lin 2021 Fig 1a/1b digitised + Supplementary Table 1,OK,0.6557377049180327
OsACC-T1,OsACC,12,0.57,,3,TTGTCCAGCACG,58,38,32.8,38,match,,,,Lin 2021 Fig 1a/1b digitised + Supplementary Table 1,OK,0.31147540983606553
OsACC-T1,OsACC,13,0.4,,3,TTGTCCAGCACGA,54,40,36.2,40,match,,,,Lin 2021 Fig 1a/1b digitised + Supplementary Table 1,OK,0.2185792349726776
OsACC-T1,OsACC,14,0.12,,3,TTGTCCAGCACGAG,57,44,38.5,44,match,,,,Lin 2021 Fig 1a/1b digitised + Supplementary Table 1,OK,0.06557377049180327
OsACC-T1,OsACC,15,0.1,,3,TTGTCCAGCACGAGG,60,48,42.5,48,match,,,,Lin 2021 Fig 1a/1b digitised + Supplementary Table 1,OK,0.0546448087431694
OsEPSPS-T1,OsEPSPS,6,0.65,,3,ACAGCA,50,18,-16.4,18,match,,,,Lin 2021 Fig 1a/1b digitised + Supplementary Table 1,OK,0.17808219178082194
OsEPSPS-T1,OsEPSPS,7,0.62,,3,ACAGCAG,57,22,-2.9,22,match,,,,Lin 2021 Fig 1a/1b digitised + Supplementary Table 1,OK,0.16986301369863013
OsEPSPS-T1,OsEPSPS,8,3.65,,3,ACAGCAGC,63,26,11.1,26,match,,,,Lin 2021 Fig 1a/1b digitised + Supplementary Table 1,OK,1.0
OsEPSPS-T1,OsEPSPS,9,2.65,,3,ACAGCAGCC,67,30,20.3,30,match,,,,Lin 2021 Fig 1a/1b digitised + Supplementary Table 1,OK,0.726027397260274
OsEPSPS-T1,OsEPSPS,10,2.4,,3,ACAGCAGCCG,70,34,28.8,34,match,,,,Lin 2021 Fig 1a/1b digitised + Supplementary Table 1,OK,0.6575342465753424
OsEPSPS-T1,OsEPSPS,11,1.05,,3,ACAGCAGCCGT,64,36,33.5,36,match,,,,Lin 2021 Fig 1a/1b digitised + Supplementary Table 1,OK,0.28767123287671237
OsEPSPS-T1,OsEPSPS,12,1.3,,3,ACAGCAGCCGTG,67,40,37.0,40,match,,,,Lin 2021 Fig 1a/1b digitised + Supplementary Table 1,OK,0.35616438356164387
OsEPSPS-T1,OsEPSPS,14,0.35,,3,ACAGCAGCCGTGAC,64,46,42.5,46,match,,,,Lin 2021 Fig 1a/1b digitised + Supplementary Table 1,OK,0.0958904109589041
OsEPSPS-T1,OsEPSPS,16,0.02,,3,ACAGCAGCCGTGACAC,63,52,47.0,52,match,,,,Lin 2021 Fig 1a/1b digitised + Supplementary Table 1,OK,0.005479452054794521
OsCDC48-T3,OsCDC48,6,2.2,,3,CCGCCG,100,24,3.0,24,match,,,,Lin 2021 Fig 1a/1b digitised + Supplementary Table 1,OK,0.17600000000000002
OsCDC48-T3,OsCDC48,7,11.0,,3,CCGCCGC,100,28,17.0,28,match,,,,Lin 2021 Fig 1a/1b digitised + Supplementary Table 1,OK,0.88
OsCDC48-T3,OsCDC48,8,10.5,,3,CCGCCGCT,88,30,23.2,30,match,,,,Lin 2021 Fig 1a/1b digitised + Supplementary Table 1,OK,0.84
OsCDC48-T3,OsCDC48,9,10.9,,3,CCGCCGCTG,89,34,28.9,34,match,,,,Lin 2021 Fig 1a/1b digitised + Supplementary Table 1,OK,0.872
OsCDC48-T3,OsCDC48,10,12.5,,3,CCGCCGCTGA,80,36,33.2,36,match,,,,Lin 2021 Fig 1a/1b digitised + Supplementary Table 1,OK,1.0
OsCDC48-T3,OsCDC48,11,8.6,,3,CCGCCGCTGAC,82,40,36.9,40,match,,,,Lin 2021 Fig 1a/1b digitised + Supplementary Table 1,OK,0.688
OsCDC48-T3,OsCDC48,12,9.3,,3,CCGCCGCTGACC,83,44,41.7,44,match,,,,Lin 2021 Fig 1a/1b digitised + Supplementary Table 1,OK,0.7440000000000001
OsCDC48-T3,OsCDC48,13,8.8,,3,CCGCCGCTGACCC,85,48,45.9,48,match,,,,Lin 2021 Fig 1a/1b digitised + Supplementary Table 1,OK,0.7040000000000001
OsCDC48-T3,OsCDC48,14,9.5,,3,CCGCCGCTGACCCC,86,52,49.7,52,match,,,,Lin 2021 Fig 1a/1b digitised + Supplementary Table 1,OK,0.76
OsPDS-T1,OsPDS,7,0.63,,3,CAGGAGC,71,24,-0.8,24,match,,,,Lin 2021 Fig 1a/1b digitised + Supplementary Table 1,OK,0.525
OsPDS-T1,OsPDS,8,0.63,,3,CAGGAGCA,63,26,8.1,26,match,,,,Lin 2021 Fig 1a/1b digitised + Supplementary Table 1,OK,0.525
OsPDS-T1,OsPDS,9,0.7,,3,CAGGAGCAA,56,28,13.8,28,match,,,,Lin 2021 Fig 1a/1b digitised + Supplementary Table 1,OK,0.5833333333333334
OsPDS-T1,OsPDS,10,1.2,,3,CAGGAGCAAA,50,30,18.4,30,match,,,,Lin 2021 Fig 1a/1b digitised + Supplementary Table 1,OK,1.0
OsPDS-T1,OsPDS,11,0.57,,3,CAGGAGCAAAG,55,34,23.3,34,match,,,,Lin 2021 Fig 1a/1b digitised + Supplementary Table 1,OK,0.475
OsPDS-T1,OsPDS,12,0.2,,3,CAGGAGCAAAGA,50,36,27.4,36,match,,,,Lin 2021 Fig 1a/1b digitised + Supplementary Table 1,OK,0.16666666666666669
OsPDS-T1,OsPDS,13,0.21,,3,CAGGAGCAAAGAC,54,40,31.2,40,match,,,,Lin 2021 Fig 1a/1b digitised + Supplementary Table 1,OK,0.175
OsPDS-T1,OsPDS,14,0.27,,3,CAGGAGCAAAGACC,57,44,35.9,44,match,,,,Lin 2021 Fig 1a/1b digitised + Supplementary Table 1,OK,0.22500000000000003
OsPDS-T1,OsPDS,16,0.21,,3,CAGGAGCAAAGACCAA,50,48,40.5,48,match,,,,Lin 2021 Fig 1a/1b digitised + Supplementary Table 1,OK,0.175
OsALS-T2,OsALS,8,0.46,,3,ATTGCACC,50,24,5.2,24,match,,,,Lin 2021 Fig 1a/1b digitised + Supplementary Table 1,OK,1.0
OsALS-T2,OsALS,10,0.46,,3,ATTGCACCAC,50,30,19.8,30,match,,,,Lin 2021 Fig 1a/1b digitised + Supplementary Table 1,OK,1.0
OsALS-T2,OsALS,12,0.31,,3,ATTGCACCACCA,50,36,31.3,36,match,,,,Lin 2021 Fig 1a/1b digitised + Supplementary Table 1,OK,0.6739130434782609
OsALS-T2,OsALS,15,0.15,,3,ATTGCACCACCATAC,47,44,36.8,44,match,,,,Lin 2021 Fig 1a/1b digitised + Supplementary Table 1,OK,0.3260869565217391
OsALS-T2,OsALS,17,0.05,,3,ATTGCACCACCATACCC,53,52,44.2,52,match,,,,Lin 2021 Fig 1a/1b digitised + Supplementary Table 1,OK,0.10869565217391304
OsEPSPS-T2,OsEPSPS,8,0.91,,3,GGATTGTA,38,22,-4.8,22,match,,,,Lin 2021 Fig 1a/1b digitised + Supplementary Table 1,OK,1.0
OsEPSPS-T2,OsEPSPS,13,0.72,,3,GGATTGTATATTT,23,32,17.8,32,match,,,,Lin 2021 Fig 1a/1b digitised + Supplementary Table 1,OK,0.7912087912087912
OsEPSPS-T2,OsEPSPS,17,0.26,,3,GGATTGTATATTTAGTA,24,42,27.7,42,match,,,,Lin 2021 Fig 1a/1b digitised + Supplementary Table 1,OK,0.2857142857142857
OsAAT-T1,OsAAT,6,0.19,,3,CGGGGC,100,24,0.2,24,match,,,,Lin 2021 Fig 1a/1b digitised + Supplementary Table 1,OK,0.6909090909090908
OsAAT-T1,OsAAT,8,0.275,,3,CGGGGCTG,88,30,17.8,30,match,,,,Lin 2021 Fig 1a/1b digitised + Supplementary Table 1,OK,1.0
OsAAT-T1,OsAAT,12,0.075,,3,CGGGGCTGGGAT,75,42,38.6,42,match,,,,Lin 2021 Fig 1a/1b digitised + Supplementary Table 1,OK,0.2727272727272727
OsAAT-T1,OsAAT,14,0.03,,3,CGGGGCTGGGATCC,79,50,45.1,52,off,,,,Lin 2021 Fig 1a/1b digitised + Supplementary Table 1,OK,0.10909090909090907
OsGAPDH-T1,OsGAPDH,6,2.8,,3,GACTCC,67,20,-18.5,20,match,,,,Lin 2021 Fig 1a/1b digitised + Supplementary Table 1,OK,0.7
OsGAPDH-T1,OsGAPDH,9,4.0,,3,GACTCCACG,67,30,15.9,30,match,,,,Lin 2021 Fig 1a/1b digitised + Supplementary Table 1,OK,1.0
OsGAPDH-T1,OsGAPDH,17,0.1,,3,GACTCCACGAGTGAAGA,53,52,42.5,52,match,,,,Lin 2021 Fig 1a/1b digitised + Supplementary Table 1,OK,0.025
OsLDMAR-T1,OsLDMAR,7,0.35,,3,GCTTTCC,57,22,-4.9,22,match,,,,Lin 2021 Fig 1a/1b digitised + Supplementary Table 1,OK,0.2916666666666667
OsLDMAR-T1,OsLDMAR,10,1.2,,3,GCTTTCCCAG,60,32,20.1,32,match,,,,Lin 2021 Fig 1a/1b digitised + Supplementary Table 1,OK,1.0
OsLDMAR-T1,OsLDMAR,12,0.51,,3,GCTTTCCCAGGA,58,38,31.0,38,match,,,,Lin 2021 Fig 1a/1b digitised + Supplementary Table 1,OK,0.42500000000000004
OsLDMAR-T1,OsLDMAR,14,0.41,,3,GCTTTCCCAGGATG,57,44,36.0,44,match,,,,Lin 2021 Fig 1a/1b digitised + Supplementary Table 1,OK,0.3416666666666667
OsLDMAR-T1,OsLDMAR,17,0.07,,3,GCTTTCCCAGGATGCAC,59,54,45.6,54,match,,,,Lin 2021 Fig 1a/1b digitised + Supplementary Table 1,OK,0.05833333333333334
OsODEV-T1,OsODEV,5,0.1,,3,GGACT,60,16,-38.7,16,match,,,,Lin 2021 Fig 1a/1b digitised + Supplementary Table 1,OK,0.07518796992481203
OsODEV-T1,OsODEV,9,1.08,,3,GGACTATTG,44,26,4.3,26,match,,,,Lin 2021 Fig 1a/1b digitised + Supplementary Table 1,OK,0.8120300751879699
OsODEV-T1,OsODEV,11,1.33,,3,GGACTATTGTG,45,32,17.7,32,match,,,,Lin 2021 Fig 1a/1b digitised + Supplementary Table 1,OK,1.0
OsODEV-T1,OsODEV,13,0.5,,3,GGACTATTGTGTG,46,38,27.0,38,match,,,,Lin 2021 Fig 1a/1b digitised + Supplementary Table 1,OK,0.37593984962406013
OsIPA1-T1,OsIPA1,13,3.2,,3,CATGGGATACTGT,46,38,28.0,38,match,,,,Lin 2021 Fig 1a/1b digitised + Supplementary Table 1,OK,1.0
OsIPA1-T2,OsIPA1,7,1.0,,3,CTGGGTT,57,22,-5.6,22,match,,,,Lin 2021 Fig 1a/1b digitised + Supplementary Table 1,OK,0.45454545454545453
OsIPA1-T2,OsIPA1,9,2.2,,3,CTGGGTTGA,56,28,12.6,28,match,,,,Lin 2021 Fig 1a/1b digitised + Supplementary Table 1,OK,1.0
OsIPA1-T2,OsIPA1,12,0.85,,3,CTGGGTTGACAG,58,38,28.7,38,match,,,,Lin 2021 Fig 1a/1b digitised + Supplementary Table 1,OK,0.3863636363636363
OsIPA1-T2,OsIPA1,16,0.2,,3,CTGGGTTGACAGAGTA,50,48,38.5,48,match,,,,Lin 2021 Fig 1a/1b digitised + Supplementary Table 1,OK,0.09090909090909091
OsNRT1.1B-T1,OsNRT1.1B,7,0.54,,3,AGGTAGG,57,22,-9.7,22,match,,,,Lin 2021 Fig 1a/1b digitised + Supplementary Table 1,OK,0.84375
OsNRT1.1B-T1,OsNRT1.1B,10,0.64,,3,AGGTAGGTCA,50,30,16.4,30,match,,,,Lin 2021 Fig 1a/1b digitised + Supplementary Table 1,OK,1.0
OsNRT1.1B-T1,OsNRT1.1B,13,0.6,,3,AGGTAGGTCAAAT,38,36,26.5,36,match,,,,Lin 2021 Fig 1a/1b digitised + Supplementary Table 1,OK,0.9375
OsNRT1.1B-T1,OsNRT1.1B,16,0.63,,3,AGGTAGGTCAAATATC,38,44,32.3,44,match,,,,Lin 2021 Fig 1a/1b digitised + Supplementary Table 1,OK,0.984375
OsROC5-T1,OsROC5,6,0.19,,3,AGGGAG,67,20,-19.1,20,match,,,,Lin 2021 Fig 1a/1b digitised + Supplementary Table 1,OK,0.4042553191489362
OsROC5-T1,OsROC5,10,0.47,,3,AGGGAGGTTA,50,30,16.1,30,match,,,,Lin 2021 Fig 1a/1b digitised + Supplementary Table 1,OK,1.0
OsROC5-T1,OsROC5,12,0.005,,3,AGGGAGGTTACA,50,36,27.2,36,match,,,,Lin 2021 Fig 1a/1b digitised + Supplementary Table 1,OK,0.010638297872340427
OsROC5-T1,OsROC5,15,0.005,,3,AGGGAGGTTACATTT,40,42,33.8,42,match,,,,Lin 2021 Fig 1a/1b digitised + Supplementary Table 1,OK,0.010638297872340427
OsROC5-T1,OsROC5,17,0.06,,3,AGGGAGGTTACATTTTC,41,48,37.6,48,match,,,,Lin 2021 Fig 1a/1b digitised + Supplementary Table 1,OK,0.1276595744680851
